"","nflId","total_tackle_oe","avg_tackle_oe","opportunities","displayName"
"1",44848,20.1084448085268,0.106393887875803,189,"Budda Baker"
"2",46077,17.6747346449007,0.0810767644261501,218,"Roquan Smith"
"3",52411,13.9985745079133,0.0795373551585985,176,"Jeff Okudah"
"4",54502,13.7270164083988,0.0686350820419939,200,"Jalen Pitre"
"5",47872,13.4262042054486,0.0710381174891459,189,"Bobby Okereke"
"6",53481,13.1032429046779,0.105671313747403,124,"Jeremiah Owusu-Koramoah"
"7",53509,12.06063181699,0.073094738284788,165,"Divine Deablo"
"8",42368,11.3050237911285,0.0546136415030362,207,"Shaq Thompson"
"9",53489,11.1921416521308,0.0614952838029162,182,"Pete Werner"
"10",46259,10.9533308040004,0.0688888729811343,159,"DeShon Elliott"
"11",47889,10.5239143212248,0.0591231141641842,178,"Maxx Crosby"
"12",46669,10.0888116639615,0.056678717213267,178,"Jonathan Owens"
"13",43335,10.01165011744,0.071004610761986,141,"A'Shawn Robinson"
"14",42401,9.90319629956613,0.0868701429786502,114,"Markus Golden"
"15",42929,9.86841698371071,0.0986841698371071,100,"Alex Singleton"
"16",47947,9.86659159508356,0.117459423750995,84,"E.J. Speed"
"17",37097,9.35896871263779,0.0641025254290259,146,"Cameron Jordan"
"18",47996,9.33691301919546,0.0533537886811169,175,"Donovan Wilson"
"19",47881,9.12210649723945,0.0691068674033292,132,"Quincy Williams"
"20",41915,9.05380938009522,0.0754484115007935,120,"Shaquil Barrett"
"21",54487,8.99231361459568,0.0551675681877035,163,"Quay Walker"
"22",44964,8.98776745298058,0.077480753905005,116,"Desmond King"
"23",46091,8.69402689851521,0.0439092267601778,198,"Rashaan Evans"
"24",53542,8.5329348066189,0.174141526665692,49,"Derrick Barnes"
"25",46527,8.53184799154188,0.0526657283428511,162,"Frankie Luvu"
"26",54586,8.36691171193783,0.0721285492408434,116,"Jack Jones"
"27",46211,8.16373865889515,0.0388749459947388,210,"D.J. Reed"
"28",46086,8.02820596516258,0.0424772802389555,189,"Derwin James"
"29",41263,7.96677459113538,0.0724252235557762,110,"Demarcus Lawrence"
"30",47929,7.49712915218076,0.0640780269417159,117,"Amani Oruwariye"
"31",47956,7.41613286166876,0.048156706893953,154,"Cole Holcomb"
"32",42391,7.27993650634696,0.0758326719411141,96,"Denzel Perryman"
"33",46146,7.09354099283261,0.0414826958645182,171,"Sam Hubbard"
"34",43641,6.83658200181151,0.0574502689227858,119,"Mike Hilton"
"35",45004,6.7713302397842,0.031348751110112,216,"Xavier Woods"
"36",43306,6.59298713365827,0.0593962804834078,111,"Keanu Neal"
"37",44938,6.37291807657114,0.0618729910346713,103,"Samson Ebukam"
"38",55032,6.36036492526018,0.129803365821636,49,"Tomon Fox"
"39",52578,6.2825630422393,0.0730530586306895,86,"Broderick Washington"
"40",46304,6.16601631094511,0.0277748482475005,222,"Zaire Franklin"
"41",53641,6.08399695184895,0.0467999765526842,130,"Damar Hamlin"
"42",47795,5.9867644735001,0.0407262889353748,147,"Rashan Gary"
"43",42431,5.91216224530259,0.0437937944096488,135,"Danielle Hunter"
"44",45395,5.87654888723653,0.0699589153242444,84,"Arthur Maulet"
"45",47913,5.60069455247541,0.0321878997268702,174,"Drue Tranquill"
"46",46269,5.55095261720487,0.0278942342573109,199,"Foyesade Oluokun"
"47",46194,5.51136439640316,0.0640856325163158,86,"Avonte Maddox"
"48",42467,5.5056807572773,0.040187450783046,137,"Kwon Alexander"
"49",48268,5.50047772761394,0.189671645779791,29,"Azeez Al-Shaair"
"50",53609,5.36355378977902,0.0352865380906514,152,"Talanoa Hufanga"
"51",44976,5.30906282162976,0.0418036442648012,127,"Matt Milano"
"52",35459,5.24589293827973,0.02963781321062,177,"Kareem Jackson"
"53",52637,5.13610037980982,0.0493855805750944,104,"James Smith-Williams"
"54",46652,5.12822512143721,0.0413566542051388,124,"Chandon Sullivan"
"55",44926,5.11275640618479,0.0258220020514383,198,"Rayshawn Jenkins"
"56",52525,4.96904091063213,0.078873665248129,63,"D.J. Wonnum"
"57",52471,4.87684961401547,0.0659033731623713,74,"Willie Gay"
"58",42816,4.83472506504871,0.0986678584703819,49,"Troy Hill"
"59",44925,4.78869386111342,0.022067713645684,217,"Eddie Jackson"
"60",42381,4.72164877730433,0.0255224258232667,185,"Preston Smith"
"61",46138,4.64817888167731,0.0280010776004657,166,"B.J. Hill"
"62",47934,4.57844644697528,0.10405560106762,44,"Andrew Van Ginkel"
"63",47799,4.555373865811,0.0239756519253211,190,"Brian Burns"
"64",53447,4.44727275989881,0.0361566891048684,123,"Jaelan Phillips"
"65",46159,4.41939858849704,0.0761965273878801,58,"Deadrin Senat"
"66",47855,4.37571192828063,0.023652496909625,185,"Germaine Pratt"
"67",46085,4.37431512408531,0.0303771883617036,144,"Tremaine Edmunds"
"68",44957,4.36623808488455,0.0252383704328587,173,"Grover Stewart"
"69",47810,4.23985012682312,0.027711438737406,153,"Johnathan Abram"
"70",44911,4.09880874540879,0.0264439273897342,155,"Rasul Douglas"
"71",48259,4.08081301857956,0.0510101627322445,80,"Darius Harris"
"72",47871,4.06812400738423,0.0236518837638618,172,"Cody Barton"
"73",47854,4.015852275485,0.0308911713498846,130,"Dre'Mont Jones"
"74",42427,4.01379688495703,0.0258954637739163,155,"Jordan Hicks"
"75",54582,3.87833040228945,0.0587625818528705,66,"Micheal Clemons"
"76",54936,3.87240945048221,0.0365321646271907,106,"Kader Kohou"
"77",52980,3.85567895812686,0.0714014621875345,54,"Juju Hughes"
"78",52546,3.81096842411026,0.023096778327941,165,"L'Jarius Sneed"
"79",47938,3.78399667700963,0.0756799335401925,50,"Mack Wilson"
"80",45021,3.72969017358833,0.133203220485298,28,"Rudy Ford"
"81",37308,3.71646277447681,0.0360821628589982,103,"Lawrence Guy"
"82",46757,3.70742514431392,0.0276673518232382,134,"Charvarius Ward"
"83",54600,3.66694592562552,0.0894377055030616,41,"Joshua Williams"
"84",46117,3.54164255289284,0.0209564648100168,169,"Uchenna Nwosu"
"85",52623,3.53998752033049,0.117999584011016,30,"Markus Bailey"
"86",47941,3.5366072462257,0.017952321046831,197,"Michael Jackson"
"87",52505,3.48304543104557,0.0261883115116208,133,"Jacob Phillips"
"88",43395,3.47264827067579,0.11575494235586,30,"Eric Murray"
"89",53462,3.45129381495587,0.0175192579439384,197,"Tyson Campbell"
"90",43503,3.40453885784781,0.021547714290176,158,"Elandon Roberts"
"91",43533,3.2792516241983,0.0287653651245465,114,"Jayron Kearse"
"92",43388,3.25007823990925,0.216671882660617,15,"Joe Schobert"
"93",53565,3.23497009591872,0.0196058793692043,165,"Marco Wilson"
"94",46080,3.2317997943574,0.0195866654203479,165,"Minkah Fitzpatrick"
"95",52435,3.20844086659155,0.0147854417815279,217,"Jordyn Brooks"
"96",48482,3.19258651294891,0.145117568770405,22,"Tyrel Dodson"
"97",52512,3.17955813466181,0.0935164157253474,34,"Terrell Burgess"
"98",53460,3.17751383819099,0.0302620365541999,105,"Odafe Oweh"
"99",53505,3.14800567308601,0.0296981667272266,106,"Paulson Adebo"
"100",47822,3.13410994724375,0.0803617935190705,39,"Sean Murphy-Bunting"
"101",46199,3.114107156333,0.0280550194264235,111,"Josh Sweat"
"102",47882,3.10493537646821,0.0160048215281867,194,"Mike Edwards"
"103",44842,3.03320725078487,0.12638363544937,24,"T.J. Watt"
"104",52453,3.02343610630572,0.0201562407087048,150,"Antoine Winfield"
"105",53469,3.02136785551136,0.0148835854951299,203,"Richie Grant"
"106",54781,3.01116519159928,0.167286955088849,18,"Jack Sanborn"
"107",52478,3.01083699676451,0.028404122610986,106,"Brandon Jones"
"108",52469,3.00869258736046,0.0257153212594911,117,"Kristian Fulton"
"109",47974,2.94385269010804,0.0175229326792145,168,"Marcus Epps"
"110",48462,2.90214239851092,0.0537433777502023,54,"Kevin Strong"
"111",54470,2.89721779492627,0.0340849152344267,85,"Kayvon Thibodeaux"
"112",43332,2.8812392086804,0.0244172814294949,118,"Austin Johnson"
"113",54549,2.86745993693977,0.0796516649149936,36,"DeMarvin Leal"
"114",44878,2.86701670066282,0.0372339831254912,77,"Ahkello Witherspoon"
"115",52539,2.86188101114191,0.0650427502532252,44,"Rashard Lawrence"
"116",42441,2.85896539317556,0.0132975134566305,215,"Steven Nelson"
"117",42030,2.84525393217114,0.0323324310473993,88,"K'Waun Williams"
"118",46132,2.81970535656429,0.0220289480981585,128,"Carlton Davis"
"119",44873,2.78673649560242,0.0255663898679121,109,"Josh Jones"
"120",43294,2.76694512574302,0.0164699114627561,168,"Jalen Ramsey"
"121",53467,2.72819349500932,0.0413362650758988,66,"Christian Barmore"
"122",44955,2.71925652371147,0.108770260948459,25,"Carlos Watkins"
"123",44830,2.70538945598039,0.0172317799743974,157,"Adoree' Jackson"
"124",48027,2.63921705353386,0.0321855738235836,82,"Kaden Elliss"
"125",46215,2.61787897279927,0.218156581066606,12,"Tre Flowers"
"126",47863,2.60518053601443,0.0200398502770341,130,"Sione Takitaki"
"127",52424,2.58926509779865,0.0212234844081856,122,"A.J. Terrell"
"128",42403,2.56116815131988,0.0556775685069539,46,"Randy Gregory"
"129",43420,2.55143004954511,0.0472487046212058,54,"Blake Martinez"
"130",52495,2.50465786805455,0.0325280242604487,77,"Anfernee Jennings"
"131",53894,2.49886691076983,0.249886691076983,10,"Marvin Wilson"
"132",54579,2.46841917339487,0.0617104793348719,40,"Dane Belton"
"133",46223,2.46777641201993,0.22434331018363,11,"Siran Neal"
"134",46164,2.4510187555435,0.350145536506215,7,"Tarvarius Moore"
"135",40031,2.44702702235614,0.0719713830104747,34,"Logan Ryan"
"136",54625,2.34785034012965,0.0317277072990493,74,"Otito Ogbonnia"
"137",52506,2.33798152193655,0.0268733508268569,87,"Malik Harrison"
"138",43700,2.32705287728813,0.014821992848969,157,"Jonathan Jones"
"139",47788,2.32210274156302,0.0110052262633319,211,"Devin White"
"140",40463,2.30009921116993,0.14375620069812,16,"Brandon Copeland"
"141",43308,2.27655601545316,0.0367186454105348,62,"Shaq Lawson"
"142",46144,2.26174477997501,0.0238078397892106,95,"Derrick Nnadi"
"143",45038,2.24491311560704,0.0380493748407973,59,"Isaac Rochell"
"144",43333,2.23051961781101,0.0184340464281901,121,"Jihad Ward"
"145",46088,2.19393321826018,0.0123254675183156,178,"Leighton Vander Esch"
"146",46354,2.19077921103244,0.0260807048932433,84,"Emmanuel Moseley"
"147",52545,2.15785627544991,0.0469099190315197,46,"Josiah Scott"
"148",45345,2.15753640692127,0.00980698366782394,220,"Nicholas Morrow"
"149",48581,2.15006980381507,0.0796322149561136,27,"Roderic Teamer"
"150",53459,2.14690931653549,0.0258663773076565,83,"Gregory Rousseau"
"151",52797,2.12229244630345,0.303184635186208,7,"Joe Bachie"
"152",42390,2.08844954684814,0.0435093655593362,48,"Eric Rowe"
"153",43373,2.08689594349287,0.0104344797174643,200,"Kendall Fuller"
"154",40096,2.08179033116145,0.297398618737349,7,"A.J. Klein"
"155",52431,2.08126210863223,0.0163878906191514,127,"Kenneth Murray"
"156",52445,2.07804978645077,0.0230894420716752,90,"Kyle Dugger"
"157",42406,2.04909171305781,0.0241069613300919,85,"Frank Clark"
"158",54488,2.03051984531529,0.017811577590485,114,"Kaiir Elam"
"159",44903,2.02801572106152,0.0112045067461963,181,"John Johnson"
"160",54583,2.00032177956106,0.0606158115018502,33,"Akayleb Evans"
"161",52535,1.96920115018885,0.16410009584907,12,"K'Von Wallace"
"162",47793,1.94722449385291,0.0130686207641135,149,"Devin Bush"
"163",43338,1.92222631796262,0.0135368050560748,142,"Jarran Reed"
"164",48537,1.89311877300774,0.0315519795501291,60,"Carl Granderson"
"165",46122,1.85007296317583,0.0770863734656596,24,"M.J. Stewart"
"166",53649,1.83370067639209,0.0764041948496703,24,"Isaiah McDuffie"
"167",52619,1.81850276111649,0.0259786108730927,70,"Isaiah Rodgers"
"168",53674,1.81469108543777,0.0329943833715958,55,"Tre Norwood"
"169",46249,1.79558696884654,0.0197317249323796,91,"Folorunso Fatukasi"
"170",54523,1.78762567983332,0.0343774169198715,52,"Troy Andersen"
"171",53508,1.78041247873105,0.148367706560921,12,"Malcolm Koonce"
"172",44888,1.76872392530314,0.00988113924750355,179,"Alex Anzalone"
"173",42378,1.75947648351471,0.0651657956857299,27,"Mario Edwards"
"174",42349,1.75236959505549,0.0194707732783943,90,"Leonard Williams"
"175",47915,1.74691187302003,0.056351995903872,31,"Ugochukwu Amadi"
"176",53450,1.73136061889362,0.0196745524874275,88,"Kwity Paye"
"177",40171,1.72871125563496,0.0189968269849995,91,"Nicholas Williams"
"178",54547,1.72640767702295,0.0664002952701136,26,"DeAngelo Malone"
"179",53577,1.70606515335701,0.0127318295026643,134,"Ta'Quon Graham"
"180",44855,1.69030694215546,0.187811882461717,9,"Sidney Jones"
"181",53953,1.68644019973052,0.153312745430047,11,"Jerry Jacobs"
"182",43313,1.67514425065684,0.0250021529948783,67,"William Jackson"
"183",54526,1.66686392311422,0.0396872362646244,42,"Drake Jackson"
"184",52481,1.6365841855693,0.0123983650421916,132,"Davon Hamilton"
"185",46278,1.63214555972355,0.0223581583523774,73,"Cornell Armstrong"
"186",46190,1.63097780496011,0.0108011775162921,151,"Taron Johnson"
"187",46187,1.62771219339286,0.0196109902818417,83,"Anthony Averett"
"188",44871,1.60262652613235,0.0258488149376185,62,"Tanoh Kpassagnon"
"189",44818,1.59003300014133,0.265005500023555,6,"Jamal Adams"
"190",38589,1.58639620344875,0.0453256058128215,35,"Vinny Curry"
"191",52416,1.57033606475471,0.0152459812112108,103,"Isaiah Simmons"
"192",44851,1.56047415306059,0.0117328883688766,133,"Marcus Maye"
"193",52515,1.55405410350904,0.0323761271564382,48,"Akeem Davis-Gaither"
"194",46162,1.54547855371157,0.0441565301060449,35,"Ronnie Harrison"
"195",53575,1.54217298271976,0.514057660906585,3,"Jamien Sherwood"
"196",44902,1.53634345422074,0.0144938061718938,106,"Shaquill Griffin"
"197",43404,1.53032401256763,0.00827202168955476,185,"De'Vondre Campbell"
"198",46823,1.51347101112694,0.0458627579129377,33,"Mike Ford"
"199",42388,1.50358626534816,0.00889696014998914,169,"Eric Kendricks"
"200",37724,1.49950833151836,0.0258535919227303,58,"Chris Harris"
"201",47785,1.48538075856323,0.0163228654787168,91,"Nick Bosa"
"202",43522,1.46702214306388,0.0108668306893621,135,"Jalen Mills"
"203",53455,1.46422815003634,0.00846374653200195,173,"Greg Newsome"
"204",46137,1.46317921521757,0.00908806965973644,161,"Justin Reid"
"205",46686,1.45897180000948,0.0429109352943963,34,"Grant Haley"
"206",44837,1.44769592487619,0.0185602041650794,78,"Jabrill Peppers"
"207",44866,1.4425225758941,0.0400700715526139,36,"Raekwon McMillan"
"208",46188,1.43000915513669,0.0125439399573394,114,"Kyzir White"
"209",43353,1.41771650700994,0.0113417320560795,125,"Kevin Byard"
"210",46680,1.4168895127873,0.0566755805114922,25,"Sean Chandler"
"211",42488,1.41656628777206,0.00753492706261734,188,"Bobby McCain"
"212",54533,1.41625224187149,0.0125332056802787,113,"Martin Emerson"
"213",53585,1.40289174530626,0.0483755774243538,29,"Isaiahh Loudermilk"
"214",52624,1.39225250501734,0.00870157815635837,160,"Kamren Curl"
"215",54478,1.37293003069548,0.0188072606944586,73,"Jordan Davis"
"216",42346,1.36704663186399,0.028480138163833,48,"Dante Fowler"
"217",47832,1.3191248281497,0.0732847126749833,18,"Ben Banogu"
"218",52415,1.30544573378363,0.00821035052694104,159,"Derrick Brown"
"219",35452,1.29455173144266,0.0231169952043332,56,"Brandon Graham"
"220",47864,1.27220660682504,0.0176695362059033,72,"Will Harris"
"221",46264,1.26905117755552,0.00824059206204885,154,"Sebastian Joseph"
"222",41227,1.26057451753217,0.0210095752922029,60,"Jadeveon Clowney"
"223",48495,1.26021884405353,0.0700121580029737,18,"Tae Hayes"
"224",43938,1.24315691044319,0.207192818407199,6,"Antwaun Woods"
"225",43435,1.23311785817388,0.00811261748798607,152,"Matt Judon"
"226",54486,1.20633969367328,0.0389141836668799,31,"Trent McDuffie"
"227",54552,1.19546782685599,0.0629193593082101,19,"Cameron Thomas"
"228",52452,1.19149519355181,0.0065109026970044,183,"Grant Delpit"
"229",53451,1.18841683723516,0.0409798909391434,29,"Caleb Farley"
"230",44825,1.16959623263547,0.00999654899688435,117,"Haason Reddick"
"231",52428,1.14880599212083,0.114880599212083,10,"K'Lavon Chaisson"
"232",48013,1.14359404231542,0.142949255289428,8,"Quinton Bell"
"233",46253,1.13937723654177,0.033511095192405,34,"Marcell Harris"
"234",53500,1.13648102377431,0.0437108086067044,26,"Aaron Robinson"
"235",47867,1.13311993084696,0.0174326143207224,65,"Khalen Saunders"
"236",44174,1.12624039230227,0.125137821366919,9,"Sam Eguavoen"
"237",54468,1.12420571268655,0.00527796109242512,213,"Derek Stingley"
"238",53675,1.121822962345,0.1121822962345,10,"Shaka Toney"
"239",54514,1.11605274950867,0.0155007326320649,72,"Alontae Taylor"
"240",52641,1.10021659795049,0.016179655852213,68,"Casey Toohill"
"241",43407,1.09546985199206,0.0176688685805171,62,"Juston Burris"
"242",47971,1.07974997506054,0.00863799980048429,125,"David Long"
"243",54568,1.06801447424771,0.0157060952095251,68,"Leo Chenal"
"244",52472,1.06731101131805,0.0133413876414757,80,"Jeremy Chinn"
"245",54527,1.06560303393546,0.106560303393546,10,"Bryan Cook"
"246",38707,1.05238813910678,0.080952933777445,13,"Justin Bethel"
"247",54677,1.0523363354349,0.00862570766749917,122,"Derion Kendrick"
"248",52697,1.0447550278691,0.0204853927033157,51,"James Pierre"
"249",52542,1.03394316823503,0.00718016089052105,144,"Jaylinn Hawkins"
"250",43478,1.03249107113094,0.00521460136934817,198,"Anthony Brown"
"251",43354,1.01649843272484,0.0158827880113256,64,"Carl Nassib"
"252",54580,1.00461368700005,0.0104647259062505,96,"Damarri Mathis"
"253",43323,0.97865710843171,0.0122332138553964,80,"Jaylon Smith"
"254",52863,0.962545880357701,0.0601591175223563,16,"Krys Barnes"
"255",53503,0.959555419490776,0.00551468631891251,174,"Benjamin St-Juste"
"256",54709,0.937651062710664,0.937651062710664,1,"Christian Matthew"
"257",53596,0.925336351372451,0.00898384807157719,103,"Nate Hobbs"
"258",48520,0.907744706235899,0.0245336407090783,37,"Anthony Rush"
"259",44872,0.906353942830856,0.0053003154551512,171,"Chidobe Awuzie"
"260",52468,0.8957260786804,0.0746438398900333,12,"Josh Uche"
"261",54750,0.891726404846333,0.891726404846333,1,"Keir Thomas"
"262",54504,0.88922924446613,0.00409783061965959,217,"Kyler Gordon"
"263",52482,0.864871340388986,0.061776524313499,14,"Zack Baun"
"264",47866,0.860691153744464,0.215172788436116,4,"Justin Layne"
"265",54702,0.83907378362922,0.41953689181461,2,"Chase Lucas"
"266",41231,0.837334467266926,0.00543723680043458,154,"Khalil Mack"
"267",54650,0.814418378308976,0.0104412612603715,78,"Christian Benford"
"268",45571,0.788026082645505,0.00709933407788743,111,"Michael Davis"
"269",46105,0.784313950016792,0.030165921154492,26,"Shaquille Leonard"
"270",53582,0.771049020376807,0.385524510188404,2,"Tony Fields"
"271",48008,0.76306818404578,0.0317945076685742,24,"Darryl Johnson"
"272",48145,0.756224876532329,0.189056219133082,4,"Wyatt Ray"
"273",44904,0.748338760838248,0.00813411696563313,92,"Jourdan Lewis"
"274",46148,0.747464422134405,0.00617739191846616,121,"Rasheem Green"
"275",53559,0.74011265484641,0.123352109141068,6,"Robert Rochell"
"276",46219,0.73749772083974,0.36874886041987,2,"Genard Avery"
"277",53716,0.735831468739171,0.367915734369586,2,"Milo Eifler"
"278",46151,0.73130951418096,0.0178368174190478,41,"Tracy Walker"
"279",53587,0.728070400772579,0.036403520038629,20,"Daviyon Nixon"
"280",42436,0.712268646054307,0.0114882039686178,62,"Henry Anderson"
"281",52540,0.708081172966484,0.354040586483242,2,"Troy Dye"
"282",46073,0.70360927442713,0.00710716438815283,99,"Denzel Ward"
"283",54500,0.680027796512707,0.00500020438612285,136,"Roger McCreary"
"284",46672,0.663864098944084,0.110644016490681,6,"Tavierre Thomas"
"285",46674,0.649951397114641,0.0928501995878058,7,"Ezekiel Turner"
"286",42365,0.647877105674693,0.0129575421134939,50,"Bud Dupree"
"287",46378,0.64041298900157,0.160103247250392,4,"J.T. Gray"
"288",40737,0.634178203977604,0.317089101988802,2,"Tony Jefferson"
"289",37792,0.632024209474942,0.158006052368735,4,"Nick Bellore"
"290",46841,0.624747124243445,0.0520622603536205,12,"Matt Dickerson"
"291",52527,0.623894967728088,0.00352483032614739,177,"Mykal Walker"
"292",52647,0.59446549555799,0.00468083067368496,127,"Dane Jackson"
"293",53639,0.594037964814516,0.0066745838743204,89,"Victor Dimukeje"
"294",53618,0.590519540092606,0.00952450871117107,62,"Marlon Tuipulotu"
"295",42771,0.585499663469219,0.0487916386224349,12,"Neville Hewitt"
"296",53487,0.585358050365022,0.0036357642879815,161,"Nick Bolton"
"297",43341,0.585036144903115,0.021668005366782,27,"Deion Jones"
"298",46175,0.583990652941234,0.00671253624070384,87,"Josey Jewell"
"299",47939,0.580508843998021,0.00558181580767328,104,"Justin Hollins"
"300",43986,0.568817342057176,0.0517106674597433,11,"Antonio Hamilton"
"301",54491,0.566805913830483,0.0103055620696452,55,"Jermaine Johnson"
"302",55149,0.546820221896576,0.0911367036494293,6,"Markquese Bell"
"303",46649,0.531730075400243,0.0886216792333738,6,"Jeremy Reaves"
"304",54469,0.503886305171182,0.00242253031332299,208,"Ahmad Gardner"
"305",41279,0.497478950623421,0.0994957901246842,5,"Jeremiah Attaochu"
"306",43534,0.495746869982648,0.0826244783304414,6,"Clayton Fejedelem"
"307",55181,0.488126798610973,0.0610158498263716,8,"Tre Avery"
"308",46501,0.483839388170836,0.0691199125958337,7,"Elijah Campbell"
"309",41239,0.474421533312502,0.00318403713632552,149,"Aaron Donald"
"310",52662,0.473300887504937,0.0157766962501646,30,"Derrek Tuszka"
"311",54641,0.466417299847478,0.0233208649923739,20,"Damone Clark"
"312",52475,0.461418350142469,0.0100308336987493,46,"Julian Okwara"
"313",46846,0.458225377762529,0.010910128041965,42,"Joshua Kalu"
"314",54479,0.451695215279305,0.012547089313314,36,"Kyle Hamilton"
"315",43405,0.446395267113653,0.00572301624504683,78,"Hassan Ridgeway"
"316",53581,0.431058134541445,0.0050123038900168,86,"Caden Sterns"
"317",37104,0.42736944413627,0.00333882378231461,128,"Cameron Heyward"
"318",55200,0.426458197128249,0.0852916394256498,5,"Ryder Anderson"
"319",46157,0.415013195643583,0.00943211808280871,44,"Oren Burks"
"320",38852,0.410237568757268,0.058605366965324,7,"Michael Thomas"
"321",54585,0.397190354576655,0.079438070915331,5,"Brandon Smith"
"322",54496,0.391546172562968,0.0279675837544977,14,"Dax Hill"
"323",52913,0.379228114895805,0.025281874326387,15,"Bobby Price"
"324",52932,0.37700696307796,0.047125870384745,8,"Ladarius Hamilton"
"325",52971,0.374558989294647,0.0220328817232145,17,"Jamir Jones"
"326",44828,0.366827865773082,0.00229267416108177,160,"Marlon Humphrey"
"327",41361,0.361420706494732,0.0212600415585136,17,"Kevin Pierre-Louis"
"328",48301,0.332604863540405,0.0277170719617004,12,"Jalen Dalton"
"329",54466,0.321726735777277,0.00198596750479801,162,"Travon Walker"
"330",46074,0.321596433861728,0.0022027153004228,146,"Bradley Chubb"
"331",54525,0.303396238926055,0.00439704694095731,69,"Cam Taylor-Britt"
"332",52498,0.301198499404417,0.00557774998897069,54,"Jonathan Greenard"
"333",44974,0.285811640435795,0.00952705468119316,30,"Anthony Walker"
"334",46457,0.283388689396803,0.0257626081269821,11,"Olasunkanmi Adeniyi"
"335",54939,0.282296299411722,0.0564592598823443,5,"Ben Stille"
"336",38545,0.272033338761059,0.00906777795870196,30,"Bruce Irvin"
"337",40095,0.2706505564311,0.0300722840479,9,"Steven Means"
"338",54733,0.265276585810276,0.0442127643017126,6,"Donovan Jeter"
"339",44834,0.258896393103084,0.00375212163917513,69,"Charles Harris"
"340",47891,0.241227464350264,0.00153648066465136,157,"Julian Love"
"341",52594,0.221981367379033,0.0048256818995442,46,"Alohi Gilman"
"342",48588,0.220633720492182,0.0315191029274546,7,"Jordan Kunaszyk"
"343",46958,0.210755295947668,0.0117086275526482,18,"Chris Board"
"344",55016,0.178737238715616,0.022342154839452,8,"Kingsley Jonathan"
"345",46290,0.164092965626065,0.00586046305807375,28,"Matthew Adams"
"346",45215,0.15537377500457,0.0194217218755712,8,"Eric Wilson"
"347",47918,0.154798170422823,0.00595377578549318,26,"John Cominsky"
"348",46083,0.150855810125779,0.00134692687612303,112,"Marcus Davenport"
"349",45643,0.136281108147054,0.0020966324330316,65,"Dylan Cole"
"350",53957,0.130768644046295,0.00318947912308036,41,"A.J. Parker"
"351",47973,0.115524060597644,0.00110022914854899,105,"Armon Watts"
"352",46543,0.112490919730092,0.00703068248313074,16,"Henry Mondeaux"
"353",52272,0.103306733956363,0.00645667087227266,16,"Dee Alford"
"354",41947,0.103229566779208,0.00860246389826729,12,"Christian Jones"
"355",43694,0.0861037395894932,0.00318902739220345,27,"Michael Pierce"
"356",52571,0.0603540663579808,0.000379585323006169,159,"Kindle Vildor"
"357",53490,0.0558024498701413,0.00129773139232887,43,"Carlos Basham"
"358",33131,0.0542192769121578,0.00062321007945009,87,"Calais Campbell"
"359",54574,0.0516475373067248,0.000449109020058477,115,"Coby Bryant"
"360",53642,0.0482866497074366,0.000894197216804382,54,"Rachad Wildgoose"
"361",40107,0.0386979585290349,0.0012483212428721,31,"Micah Hyde"
"362",35493,0.0257459485666061,0.000347918223873056,74,"Carlos Dunlap"
"363",43327,0.0178909784633028,0.000126886372080162,141,"Xavien Howard"
"364",54721,0.0101802904562981,0.000727163604021296,14,"Jesse Luketa"
"365",43413,0.00561311789477534,0.000561311789477534,10,"Deon Bush"
"366",53883,-0.010262991332334,-0.010262991332334,1,"Dicaprio Bootle"
"367",52485,-0.0104105786042001,-0.0104105786042001,1,"Michael Ojemudia"
"368",46456,-0.0124360320084071,-9.56617846800548e-05,130,"Darious Williams"
"369",54705,-0.021939513088614,-0.010969756544307,2,"Christian Holmes"
"370",48000,-0.0256550765697572,-0.0256550765697572,1,"Kris Boyd"
"371",53473,-0.0260562421641903,-0.00868541405473011,3,"Kelvin Joseph"
"372",42361,-0.0266577947768271,-0.000206649571913388,129,"Marcus Peters"
"373",44858,-0.0303328357386965,-0.0151664178693482,2,"Quincy Wilson"
"374",43366,-0.0358026337884999,-0.0358026337884999,1,"Daryl Worley"
"375",53441,-0.0362508393106057,-0.000230897065672648,157,"Micah Parsons"
"376",54686,-0.0376714050764254,-0.0188357025382127,2,"Tariq Castro-Fields"
"377",54640,-0.0574860277006985,-0.00359287673129366,16,"Matthew Butler"
"378",48500,-0.0584544962942547,-0.0584544962942547,1,"Saivion Smith"
"379",48508,-0.0622300450044113,-0.0622300450044113,1,"Andrew Wingard"
"380",46407,-0.0741346358224517,-0.0370673179112258,2,"Chris Lammons"
"381",53612,-0.0745427517333873,-0.0745427517333873,1,"Avery Williams"
"382",46121,-0.0835764712437688,-0.00642895932644375,13,"Kemoko Turay"
"383",53531,-0.0867444212182113,-0.0433722106091057,2,"Ambry Thomas"
"384",46329,-0.0904193530476202,-0.00695533484981694,13,"Danny Johnson"
"385",46992,-0.0951190699768886,-0.0951190699768886,1,"KhaDarel Hodge"
"386",52607,-0.10083621945306,-0.00387831613281,26,"Jordan Fuller"
"387",53617,-0.101807268003899,-0.101807268003899,1,"Joshuah Bledsoe"
"388",47900,-0.102316716506298,-0.00255791791265745,40,"Austin Bryant"
"389",46087,-0.102764413693252,-0.000564639635677209,182,"Jaire Alexander"
"390",41808,-0.106664589538573,-0.106664589538573,1,"Keith Smith"
"391",44893,-0.107538292534459,-0.0010241742146139,105,"Fabian Moreau"
"392",55000,-0.107837080202746,-0.0154052971718209,7,"Allan George"
"393",54696,-0.109452529349935,-0.109452529349935,1,"Baylon Spector"
"394",46168,-0.112802748383884,-0.056401374191942,2,"Isaac Yiadom"
"395",42376,-0.113729320487355,-0.113729320487355,1,"Landon Collins"
"396",53615,-0.115341186967962,-0.115341186967962,1,"Hamsah Nasirildeen"
"397",48780,-0.116247151834311,-0.116247151834311,1,"Troy Reeder"
"398",52651,-0.127161726101361,-0.0423872420337869,3,"Chris Jackson"
"399",47860,-0.12912888605833,-0.0645644430291649,2,"Chase Winovich"
"400",52613,-0.132635744637274,-0.00349041433255984,38,"Josh Metellus"
"401",55175,-0.134260859766125,-0.134260859766125,1,"Nate Landman"
"402",53530,-0.135602107577217,-0.0678010537886087,2,"Ifeatu Melifonwu"
"403",44887,-0.148263152414603,-0.00380161929268214,39,"Duke Riley"
"404",53479,-0.152116464949934,-0.0108654617821381,14,"Azeez Ojulari"
"405",38619,-0.159748768187227,-0.00515318607055572,31,"Akiem Hicks"
"406",45063,-0.160834750310871,-0.0146213409373519,11,"Pat O'Connor"
"407",48487,-0.167069234334693,-0.0835346171673464,2,"Cameron Lewis"
"408",41363,-0.168814212645618,-0.00344518801317589,49,"Brent Urban"
"409",54548,-0.169449728292713,-0.0564832427642377,3,"Nakobe Dean"
"410",40494,-0.175677313304234,-0.0585591044347447,3,"Nickell Robey"
"411",54646,-0.177870462161784,-0.0889352310808922,2,"Kyron Johnson"
"412",47899,-0.180096997575153,-0.00243374321047504,74,"Amani Hooker"
"413",52835,-0.182476618921986,-0.0912383094609931,2,"Michael Hoecht"
"414",53053,-0.182494829286583,-0.0912474146432914,2,"Bryce Huff"
"415",54687,-0.188714601459067,-0.0314524335765112,6,"Montaric Brown"
"416",53629,-0.193608912711116,-0.0484022281777791,4,"Brandin Echols"
"417",54827,-0.201267659899121,-0.201267659899121,1,"Joshua Onujiogu"
"418",43092,-0.217526427319437,-0.108763213659719,2,"T.Y. McGill"
"419",52582,-0.218891803348828,-0.109445901674414,2,"Larrell Murchison"
"420",48454,-0.225800754430438,-0.0752669181434794,3,"C.J. Moore"
"421",48447,-0.227984409169779,-0.11399220458489,2,"P.J. Locke"
"422",53059,-0.245089510885674,-0.122544755442837,2,"Kristian Welch"
"423",54044,-0.247610837448686,-0.0619027093621715,4,"Kobe Jones"
"424",54512,-0.248055499163758,-0.124027749581879,2,"Phidarian Mathis"
"425",45203,-0.256039498259869,-0.0853464994199565,3,"Tashawn Bower"
"426",55241,-0.262116868715254,-0.0262116868715254,10,"C.J. Brewer"
"427",43387,-0.26888807017815,-0.00302121427166461,89,"Justin Simmons"
"428",43508,-0.274049673581388,-0.0171281045988367,16,"Will Parks"
"429",54607,-0.277370549630811,-0.0554741099261622,5,"Cobie Durant"
"430",43314,-0.280351672685534,-0.0350439590856917,8,"Artie Burns"
"431",54665,-0.280858739819412,-0.0312065266466013,9,"Sam Roberts"
"432",54717,-0.281752540246691,-0.0939175134155637,3,"Jeff Gunter"
"433",53018,-0.282017238485795,-0.0313352487206439,9,"A.J. Green"
"434",52952,-0.283894361776965,-0.141947180888483,2,"Benning Potoa'e"
"435",46349,-0.286133323777295,-0.0715333309443237,4,"George Odum"
"436",42444,-0.295704622496594,-0.0164280345831441,18,"Trey Flowers"
"437",47837,-0.297866028462817,-0.0212761448902012,14,"Lonnie Johnson"
"438",46183,-0.29883482418745,-0.0747087060468626,4,"Da'Shawn Hand"
"439",53533,-0.303005616567351,-0.00594128659935983,51,"Brandon Stephens"
"440",52764,-0.305415507717271,-0.0763538769293178,4,"Essang Bassey"
"441",45287,-0.31046227140476,-0.00141119214274891,220,"Kenny Moore"
"442",54531,-0.313042136140301,-0.104347378713434,3,"Brian Asamoah"
"443",53819,-0.316658746821819,-0.0527764578036365,6,"Ar'Darius Washington"
"444",53438,-0.321879625915989,-0.00191595015426184,168,"Patrick Surtain"
"445",53448,-0.322529386952287,-0.0019429481141704,166,"Jamin Davis"
"446",46312,-0.323860270964815,-0.00899611863791153,36,"Keion Crossen"
"447",54618,-0.324918869917128,-0.00153263617885438,212,"Tariq Woolen"
"448",46698,-0.356062467876375,-0.0034569171638483,103,"Levi Wallace"
"449",55240,-0.358477385093118,-0.0325888531902835,11,"Ja'Marcus Ingram"
"450",43400,-0.361856576274821,-0.0723713152549643,5,"Miles Killebrew"
"451",44999,-0.362101651882951,-0.00222148252688927,163,"Chuck Clark"
"452",47829,-0.36732934807288,-0.0262378105766343,14,"Greedy Williams"
"453",55087,-0.368136676346101,-0.0920341690865253,4,"Luiji Vilain"
"454",54584,-0.372205029592458,-0.0265860735423185,14,"Jalyn Armour-Davis"
"455",54535,-0.377364517325082,-0.0221979127838284,17,"Chad Muma"
"456",52640,-0.379841101287786,-0.126613700429262,3,"Carlos Davis"
"457",47796,-0.384329858520315,-0.00240206161575197,160,"Christian Wilkins"
"458",52663,-0.388526011112698,-0.00267948973181171,145,"Tae Crowder"
"459",53437,-0.40167060163069,-0.00224396984151224,179,"Jaycee Horn"
"460",54758,-0.413612120813012,-0.103403030203253,4,"De'Shaan Dixon"
"461",54505,-0.426417744012746,-0.00444185150013277,96,"Boye Mafe"
"462",48458,-0.427882980569689,-0.0534853725712111,8,"Anthony Pittman"
"463",52497,-0.434742403279188,-0.0031733022137167,137,"Cameron Dantzler"
"464",47922,-0.436699214961188,-0.0873398429922376,5,"Deionte Thompson"
"465",53645,-0.437646869113961,-0.10941171727849,4,"Quincy Roche"
"466",54521,-0.439383516650114,-0.0129230446073563,34,"Sam Williams"
"467",54550,-0.450894272347968,-0.0322067337391406,14,"Marcus Jones"
"468",54495,-0.458426502837865,-0.00402128511261285,114,"George Karlaftis"
"469",54778,-0.46779029360147,-0.0101693542087276,46,"Jaylon Jones"
"470",52476,-0.467912485527192,-0.0935824971054385,5,"Ashtyn Davis"
"471",43455,-0.474959674018514,-0.011045573814384,43,"D.J. Reader"
"472",44862,-0.478451881283837,-0.00537586383464986,89,"Justin Evans"
"473",47964,-0.48520473743716,-0.00683386954136844,71,"Jaquan Johnson"
"474",42827,-0.495829987297465,-0.0450754533906786,11,"Justin Coleman"
"475",45045,-0.512177472274063,-0.170725824091354,3,"Elijah Lee"
"476",53545,-0.515815031250345,-0.103163006250069,5,"Elerson Smith"
"477",55030,-0.528465855898365,-0.132116463974591,4,"Demetrius Taylor"
"478",55043,-0.52973985229429,-0.132434963073573,4,"Jake Hansen"
"479",43292,-0.531126139417514,-0.0160947314975004,33,"Joey Bosa"
"480",43474,-0.534230984553416,-0.0890384974255693,6,"DeAndre Houston-Carson"
"481",54581,-0.539926316974372,-0.0449938597478643,12,"Eyioma Uwazurike"
"482",46700,-0.545401103348842,-0.0136350275837211,40,"Tre Herndon"
"483",48026,-0.551009492880722,-0.00324123231106307,170,"Nick Scott"
"484",55239,-0.551605134309422,-0.0459670945257852,12,"Prince Emili"
"485",53887,-0.555211177930644,-0.0241396164317671,23,"Malik Herring"
"486",54606,-0.556003189761106,-0.0135610534088075,41,"Damarion Williams"
"487",44859,-0.559559849239072,-0.0799371213198675,7,"Tyus Bowser"
"488",44937,-0.561653645964667,-0.0468044704970556,12,"Jalen Reeves-Maybin"
"489",48669,-0.561889274758804,-0.140472318689701,4,"Isaiah Mack"
"490",53457,-0.565707967014461,-0.0157141101948461,36,"Payton Turner"
"491",53669,-0.570922310888006,-0.0951537184813343,6,"William Bradley-King"
"492",44826,-0.572466501870752,-0.11449330037415,5,"Derek Barnett"
"493",44838,-0.578046590594945,-0.0722558238243682,8,"Takkarist McKinley"
"494",46114,-0.588947384509871,-0.0245394743545779,24,"Josh Jackson"
"495",41358,-0.596789274741415,-0.0745986593426768,8,"Dontae Johnson"
"496",52991,-0.598069477423406,-0.00664521641581562,90,"Myles Bryant"
"497",54637,-0.604723871633843,-0.0159137860956274,38,"Samuel Womack"
"498",44915,-0.605917677433099,-0.00445527703994926,136,"Trey Hendrickson"
"499",46630,-0.606501937580225,-0.0466539951984788,13,"Jalen Davis"
"500",44892,-0.607523233524751,-0.0759404041905938,8,"Tarell Basham"
"501",46097,-0.608179114556237,-0.00380111946597648,160,"Terrell Edmunds"
"502",53900,-0.613867611107863,-0.0180549297384666,34,"Naquan Jones"
"503",46657,-0.621127292919162,-0.0295774901390077,21,"Dennis Gardeck"
"504",53620,-0.641791771078908,-0.0802239713848635,8,"Tarron Jackson"
"505",53552,-0.643606875152148,-0.0279829076153108,23,"Zech McPhearson"
"506",55190,-0.647617525031314,-0.0925167892901877,7,"Sam Okuayinonu"
"507",48117,-0.671053803816698,-0.0231397863385068,29,"Demetrius Flannigan-Fowles"
"508",55105,-0.672115446646172,-0.134423089329234,5,"Luke Masterson"
"509",41483,-0.676541807694454,-0.0211419314904517,32,"Terrance Mitchell"
"510",46618,-0.70668974537872,-0.117781624229787,6,"Taylor Stallworth"
"511",43797,-0.707785271395503,-0.00667721954146701,106,"Cory Littleton"
"512",53601,-0.722290219510667,-0.00708127666186929,102,"Deommodore Lenoir"
"513",54654,-0.726172879850125,-0.0806858755389028,9,"Amare Barno"
"514",48308,-0.727906545614351,-0.0383108708218079,19,"Jonathan Kongbo"
"515",47843,-0.73599892439957,-0.00457142189068056,161,"Nasir Adderley"
"516",52945,-0.736031296192766,-0.0294412518477106,25,"Jace Whittaker"
"517",54578,-0.740371789938233,-0.0925464737422791,8,"Percy Butler"
"518",42360,-0.743394216345129,-0.0256342833222458,29,"Arik Armstead"
"519",42421,-0.749537232672473,-0.0162942876667929,46,"P.J. Williams"
"520",53595,-0.751392858345448,-0.0134177296133116,56,"Keith Taylor"
"521",53668,-0.757278919848208,-0.0210355255513391,36,"Jonathon Cooper"
"522",41599,-0.769518565556397,-0.0126150584517442,61,"Joe Thomas"
"523",55104,-0.769718106636234,-0.0384859053318117,20,"Sam Webb"
"524",46229,-0.777325592465457,-0.010648295787198,73,"Ogbonnia Okoronkwo"
"525",53519,-0.780768333938679,-0.019519208348467,40,"Patrick Jones"
"526",54546,-0.786040697112701,-0.039302034855635,20,"Cordale Flott"
"527",44827,-0.786759637669975,-0.00574277107788303,137,"Malik Hooker"
"528",41256,-0.792142066091361,-0.0255529698739149,31,"Jimmie Ward"
"529",47816,-0.796835455212923,-0.00410739925367486,194,"Byron Murphy"
"530",47809,-0.808970007343761,-0.00573737593860823,141,"Montez Sweat"
"531",54612,-0.811317868709432,-0.0386341842242587,21,"D.J. Davidson"
"532",53537,-0.816028507158762,-0.00832682150162002,98,"Darren Hall"
"533",47878,-0.831361404746744,-0.0136288754876515,61,"Oshane Ximines"
"534",52873,-0.838883474180418,-0.0932092749089353,9,"Delontae Scott"
"535",47862,-0.84765615016753,-0.0206745402479885,41,"David Long"
"536",39941,-0.853261825664037,-0.0711051521386697,12,"Chris Banjo"
"537",54937,-0.865870628985097,-0.0721558857487581,12,"Verone McKinley"
"538",54622,-0.870982629168458,-0.0140481069220719,62,"Zyon McCollum"
"539",45352,-0.871211098837915,-0.0396005044926325,22,"Austin Calitro"
"540",44906,-0.883812458836161,-0.00626817346692313,141,"Cameron Sutton"
"541",46255,-0.891783807212921,-0.0181996695349576,49,"Jake Martin"
"542",53583,-0.892054739640287,-0.00910259938408456,98,"Michael Carter"
"543",44861,-0.894166227523263,-0.0993518030581404,9,"Ryan Anderson"
"544",41240,-0.897928970090591,-0.0528193511817995,17,"Kyle Fuller"
"545",48241,-0.898120176522009,-0.0224530044130502,40,"Keisean Nixon"
"546",54529,-0.904749778725379,-0.0226187444681345,40,"Nik Bonitto"
"547",54561,-0.907422525261883,-0.0201649450058196,45,"Nick Cross"
"548",46099,-0.908182296168891,-0.0124408533721766,73,"Mike Hughes"
"549",37145,-0.911020389002007,-0.0414100176819094,22,"Justin Houston"
"550",47848,-0.913371909672461,-0.00581765547562077,157,"Zach Allen"
"551",54708,-0.914279658288487,-0.00983096406761814,93,"Jaylen Watson"
"552",43497,-0.924265019189372,-0.00727767731645175,127,"Kamu Grugier-Hill"
"553",44854,-0.927709311620079,-0.0118937091233343,78,"Marcus Williams"
"554",52547,-0.944030085365685,-0.0119497479160213,79,"Amik Robertson"
"555",43757,-0.962850130930244,-0.0200593777277134,48,"Andrew Adams"
"556",43787,-1.00075972780027,-0.00680788930476375,147,"Roy Robertson-Harris"
"557",44863,-1.01135907527291,-0.0202271815054583,50,"DeMarcus Walker"
"558",54688,-1.03390557968622,-0.0252172092606396,41,"Isaiah Thomas"
"559",52563,-1.035200699639,-0.0104565727236263,99,"Trevis Gipson"
"560",52518,-1.04774669007854,-0.0139699558677139,75,"Darnay Holmes"
"561",52510,-1.06845242270651,-0.00663635045159324,161,"Alex Highsmith"
"562",40000,-1.09929827945703,-0.0732865519638019,15,"Jamie Collins"
"563",41257,-1.10631558747402,-0.00929676964263883,119,"Bradley Roby"
"564",43298,-1.11318613226933,-0.00778451840747787,143,"Leonard Floyd"
"565",44877,-1.11539326829846,-0.0108290608572666,103,"Larry Ogunjobi"
"566",48170,-1.1220910135176,-0.11220910135176,10,"Jonathan Harris"
"567",42331,-1.13635965413979,-0.0127680860015707,89,"Efe Obada"
"568",41336,-1.13694117920587,-0.015159215722745,75,"Justin Ellis"
"569",47817,-1.13953331708494,-0.0070778466899686,161,"Rock Ya-Sin"
"570",47890,-1.15639419240149,-0.0131408430954714,88,"Anthony Nelson"
"571",45533,-1.15988739118227,-0.105444308289297,11,"Joseph Jones"
"572",52538,-1.16273942320533,-0.0207632039858095,56,"James Lynch"
"573",43378,-1.17832511059908,-0.0111162746282932,106,"Javon Hargrave"
"574",42485,-1.17865884478673,-0.00592290876777252,199,"Adrian Amos"
"575",52448,-1.18434038248641,-0.0789560254990941,15,"Ross Blacklock"
"576",52665,-1.18478120040798,-0.0269268454638176,44,"Malcolm Roach"
"577",52464,-1.18515119293671,-0.00995925372215724,119,"Raekwon Davis"
"578",46711,-1.18606571695132,-0.0101373138200967,117,"Ryan Neal"
"579",53656,-1.19332877816855,-0.0284125899563942,42,"Israel Mukuamu"
"580",39908,-1.20132338876782,-0.0800882259178547,15,"Erik Harris"
"581",44886,-1.2051480794642,-0.0138522767754505,87,"Chris Wormley"
"582",43376,-1.2122218964048,-0.0432936391573143,28,"Nick Vigil"
"583",47940,-1.2353792467735,-0.0588275831796904,21,"Blake Cashman"
"584",53663,-1.23598641472552,-0.0363525416095741,34,"Patrick Johnson"
"585",43352,-1.24272145104652,-0.0175031190288242,71,"Adam Gotsis"
"586",46796,-1.25511147482597,-0.0392222335883117,32,"Demone Harris"
"587",38592,-1.26905541930307,-0.0115368674482097,110,"Casey Hayward"
"588",49410,-1.27499379328453,-0.00660618545743278,193,"Jalen Thompson"
"589",52456,-1.2773590033969,-0.0137350430472785,93,"Darrell Taylor"
"590",54639,-1.29186884391312,-0.0174576870799071,74,"Dominique Robinson"
"591",52438,-1.29275419501676,-0.0269323790628492,48,"Noah Igbinoghene"
"592",41464,-1.30880524663874,-0.0153977087839851,85,"Shelby Harris"
"593",42512,-1.30957100704581,-0.0689247898445161,19,"David Mayo"
"594",52627,-1.31804252155598,-0.0173426647573155,76,"Geno Stone"
"595",39998,-1.32879545393676,-0.0492146464421021,27,"Jon Bostic"
"596",54565,-1.33016277958867,-0.133016277958867,10,"Myjai Sanders"
"597",47984,-1.33153453554503,-0.0149610621971352,89,"Rashad Fenton"
"598",53540,-1.34574299952618,-0.0184348356099477,73,"Cam Sample"
"599",53050,-1.35111835305933,-0.0794775501799603,17,"Domenique Davis"
"600",53611,-1.3547928243982,-0.0134137903405763,101,"Adetokunbo Ogundeji"
"601",53854,-1.36440698957081,-0.0470485168817521,29,"Nick McCloud"
"602",48476,-1.38856030733827,-0.0147719181631731,94,"Nik Needham"
"603",52592,-1.39099349520152,-0.0295956062808834,47,"Bravvion Roy"
"604",47812,-1.39286595784588,-0.139286595784588,10,"L.J. Collier"
"605",53535,-1.45680208140022,-0.0234968077645197,62,"Jay Tufele"
"606",52846,-1.45999466674317,-0.132726787885743,11,"Jonah Williams"
"607",44929,-1.47200820247762,-0.0141539250238233,104,"Carl Lawson"
"608",41403,-1.49044685519198,-0.0363523623217555,41,"Devon Kennard"
"609",42935,-1.5194724030934,-0.0172667318533341,88,"Bryce Callahan"
"610",35562,-1.52423397698912,-0.014516514066563,105,"Al Woods"
"611",47802,-1.53575103095655,-0.0155126366763288,99,"Jeffery Simmons"
"612",42393,-1.55536698200672,-0.0172818553556303,90,"Ronald Darby"
"613",52459,-1.55724881157087,-0.00811067089359829,192,"Trevon Diggs"
"614",46127,-1.59347490644486,-0.0325198960498951,49,"Isaiah Oliver"
"615",54671,-1.61779060017747,-0.0299590851884716,54,"Matt Henningsen"
"616",53551,-1.64699368090427,-0.126691821608021,13,"Tyler Shelvin"
"617",46139,-1.66313712586469,-0.0103300442600291,161,"Fred Warner"
"618",52522,-1.68250145279773,-0.0150223343999798,112,"Leki Fotu"
"619",37778,-1.69245166649686,-0.0158173052943632,107,"Josh Bynes"
"620",46771,-1.69362687686924,-0.0222845641693321,76,"Abdullah Anderson"
"621",54543,-1.69371933640776,-0.0190305543416602,89,"Alex Wright"
"622",47877,-1.71062461787928,-0.00810722567715298,211,"Jamel Dean"
"623",41235,-1.72112015109811,-0.0139928467568952,123,"Anthony Barr"
"624",43301,-1.73565774624408,-0.0148346815918297,117,"Sheldon Rankins"
"625",39997,-1.75372049655662,-0.0254162390805307,69,"Johnathan Hankins"
"626",44968,-1.76397815824162,-0.0241640843594742,73,"Jayon Brown"
"627",45011,-1.78792887044704,-0.0186242590671566,96,"D.J. Jones"
"628",53679,-1.78907127701386,-0.137620867462604,13,"Khyiris Tonga"
"629",53498,-1.7951489033014,-0.0427416405547952,42,"Joseph Ossai"
"630",46307,-1.82341282989885,-0.0127511386706213,143,"Zach Sieler"
"631",54632,-1.82917738497932,-0.0508104829160922,36,"Daron Bland"
"632",38548,-1.83385980404567,-0.0241297342637588,76,"Melvin Ingram"
"633",53532,-1.85297846841847,-0.0140377156698369,132,"Ernest Jones"
"634",44880,-1.85636376017668,-0.0394971012803548,47,"Dawuane Smoot"
"635",52417,-1.85811908187377,-0.0148649526549902,125,"C.J. Henderson"
"636",53592,-1.86404377680183,-0.0149123502144146,125,"Darrick Forrest"
"637",54611,-1.86675215383365,-0.0424261853144011,44,"Micah McFadden"
"638",42031,-1.87082530527755,-0.0256277439079116,73,"Denico Autry"
"639",48770,-1.8778900267829,-0.0268270003826128,70,"Marquise Copeland"
"640",54704,-1.93402210400537,-0.0145415195789877,133,"Rodney Thomas"
"641",52759,-1.93902672806544,-0.138501909147532,14,"Chris Williams"
"642",52585,-1.94845261087458,-0.0382049531544034,51,"Michael Danna"
"643",48089,-1.97383622186775,-0.0219315135763084,90,"Malik Reed"
"644",54540,-1.97926265552973,-0.0253751622503811,78,"Christian Harris"
"645",54554,-1.9862027267629,-0.0472905411134023,42,"Terrel Bernard"
"646",46902,-1.99383646403722,-0.0293211244711356,68,"Robert Spillane"
"647",53599,-2.00133620039146,-0.0339209525490078,59,"Garret Wallow"
"648",46699,-2.02189941229188,-0.0697206693893751,29,"Dee Delaney"
"649",43361,-2.02335816895228,-0.0249797304808924,81,"Jonathan Bullard"
"650",48032,-2.04892042707352,-0.0284572281537989,72,"Michael Dogbe"
"651",44905,-2.07653669931971,-0.0471940158936298,44,"Montravius Adams"
"652",37078,-2.07730128201581,-0.0121479607135428,171,"Patrick Peterson"
"653",42465,-2.07941901983851,-0.0198039906651287,105,"Za'Darius Smith"
"654",52446,-2.07963105136013,-0.0127584727077309,163,"Yetur Gross-Matos"
"655",53494,-2.07988963036955,-0.0105044930826745,198,"Andre Cisco"
"656",53564,-2.1042795997752,-0.0292261055524333,72,"Rashad Weaver"
"657",43351,-2.10607071763657,-0.0126871729978107,166,"James Bradberry"
"658",42559,-2.13471455680434,-0.0454194586554115,47,"Christian Covington"
"659",52479,-2.13575386433038,-0.0242699302764816,88,"Justin Madubuike"
"660",54503,-2.14783798261203,-0.021916714108286,98,"Arnold Ebiketie"
"661",46133,-2.17689864810791,-0.0211349383311448,103,"Tyquan Lewis"
"662",46775,-2.20380802845521,-0.0293841070460694,75,"J.C. Jackson"
"663",52458,-2.20549135033657,-0.0156417826265005,141,"Jaylon Johnson"
"664",46124,-2.21246556778249,-0.0163886338354258,135,"Donte Jackson"
"665",45033,-2.21260807474957,-0.0502865471533994,44,"Ifeadi Odenigbo"
"666",42553,-2.22264819935542,-0.138915512459714,16,"Christian Ringo"
"667",54498,-2.23977177721216,-0.0457096281063706,49,"Logan Hall"
"668",54644,-2.24532038984841,-0.0345433906130524,65,"Kingsley Enagbare"
"669",54511,-2.24602416545062,-0.035651177229375,63,"Josh Paschal"
"670",54615,-2.26677642831249,-0.0371602693165983,61,"Thomas Booker"
"671",47888,-2.2729962023235,-0.0144776828173472,157,"Chauncey Gardner-Johnson"
"672",53661,-2.32558194275545,-0.116279097137772,20,"Phil Hoskins"
"673",44813,-2.33312118128538,-0.019606060346936,119,"Myles Garrett"
"674",52792,-2.35925086352559,-0.0693897312801644,34,"Tershawn Wharton"
"675",40166,-2.39022678565438,-0.0243900692413712,98,"Jordan Poyer"
"676",54643,-2.40111944894943,-0.0400186574824904,60,"John Ridgeway"
"677",52462,-2.43601840929625,-0.0459626114961556,53,"A.J. Epenesa"
"678",52650,-2.45323833023161,-0.0663037386549083,37,"Jonathan Garvin"
"679",39984,-2.48028081454326,-0.0173446210807221,143,"Darius Slay"
"680",43791,-2.49041736372391,-0.0341153063523823,73,"Morgan Fox"
"681",38577,-2.52215191304141,-0.0144951259370196,174,"Bobby Wagner"
"682",47826,-2.52360484656604,-0.0175250336567086,144,"Jahlani Tavai"
"683",53458,-2.54870475476189,-0.0130035956875607,196,"Eric Stokes"
"684",54513,-2.56861135147109,-0.011728818956489,219,"Jaquan Brisker"
"685",47790,-2.58072804358717,-0.0167579743090076,154,"Josh Allen"
"686",38843,-2.58084403501571,-0.0141804617308555,182,"Rodney McLeod"
"687",44944,-2.58817665207246,-0.0146224669608613,177,"Deatrich Wise"
"688",44922,-2.60389782377393,-0.0703756168587548,37,"Jaleel Johnson"
"689",52848,-2.6766069074862,-0.095593103838793,28,"Myles Adams"
"690",44867,-2.68679528451843,-0.0251102363039106,107,"Dalvin Tomlinson"
"691",52492,-2.70559491660644,-0.0375777071750895,72,"Terrell Lewis"
"692",43350,-2.7099481948592,-0.0128433563737403,211,"Vonn Bell"
"693",53483,-2.71475250351516,-0.0366858446420967,74,"Dayo Odeyingbo"
"694",46156,-2.73386724585503,-0.0700991601501289,39,"Arden Key"
"695",53547,-2.75567918431382,-0.0586314720066769,47,"Chris Rumph"
"696",46729,-2.78485178955797,-0.0352512884754173,79,"Brandon Facyson"
"697",40039,-2.83986111217236,-0.0156898403987423,181,"Duron Harmon"
"698",47844,-2.85948682823322,-0.0226943399066129,126,"Taylor Rapp"
"699",47942,-2.87770880290784,-0.0587287510797517,49,"Byron Cowart"
"700",43780,-2.88693087635767,-0.0931268024631507,31,"Brandin Bryant"
"701",41786,-2.90356053834693,-0.0518492953276238,56,"Kerry Hyder"
"702",48198,-2.90474988992287,-0.0315733683687269,92,"Bryan Mone"
"703",42433,-2.91693514026438,-0.0463005577819743,63,"Carl Davis"
"704",41300,-2.9363144181014,-0.0146085294432905,201,"Christian Kirksey"
"705",42901,-2.95029852858192,-0.0491716421430319,60,"Dean Marlowe"
"706",44829,-3.02228152986944,-0.0185416044777266,163,"Jonathan Allen"
"707",52422,-3.03637902744972,-0.101212634248324,30,"Javon Kinlaw"
"708",52436,-3.06096569506155,-0.0205433939265876,149,"Patrick Queen"
"709",54624,-3.08517811206608,-0.134138178785482,23,"Eric Johnson"
"710",47931,-3.09898047314361,-0.0231267199488329,134,"Dre Greenlaw"
"711",38542,-3.10205930613427,-0.0284592596893052,109,"Fletcher Cox"
"712",40048,-3.11844545655602,-0.0663499033309791,47,"Akeem Spence"
"713",46141,-3.12258310542145,-0.0376214831978487,83,"Nathan Shepherd"
"714",38540,-3.12333341359922,-0.0143272174935744,218,"Stephon Gilmore"
"715",46504,-3.12675445775201,-0.0868542904931114,36,"Daniel Ekuale"
"716",53534,-3.13892142053662,-0.0424178570342787,74,"Baron Browning"
"717",46521,-3.20093569924118,-0.0415705934966387,77,"Ben Niemann"
"718",46186,-3.2428443373537,-0.0157419628026879,206,"Jordan Whitehead"
"719",41243,-3.30175346950405,-0.0159504998526765,207,"C.J. Mosley"
"720",46185,-3.32541422647812,-0.03958826460093,84,"Dorance Armstrong"
"721",37075,-3.3368134227545,-0.033368134227545,100,"Von Miller"
"722",35522,-3.37046987717597,-0.0717121250462972,47,"Corey Peters"
"723",43436,-3.39255130064411,-0.0353390760483762,96,"Quinton Jefferson"
"724",47787,-3.41380931390522,-0.0494754973029742,69,"Clelin Ferrell"
"725",48516,-3.43728230873477,-0.0204600137424689,168,"T.J. Edwards"
"726",40074,-3.45887094398427,-0.0264035949922464,131,"William Gholston"
"727",53073,-3.48634604178467,-0.0484214728025649,72,"Teair Tart"
"728",48473,-3.48797640459582,-0.0711831919305269,49,"Jonathan Ledbetter"
"729",46165,-3.50637989572023,-0.0280510391657619,125,"Harrison Phillips"
"730",54493,-3.5080463730398,-0.0974457325844389,36,"Devonte Wyatt"
"731",53502,-3.55181929757025,-0.0546433738087731,65,"Milton Williams"
"732",38551,-3.56495751911071,-0.0251053346416247,142,"Chandler Jones"
"733",53513,-3.59025546470638,-0.0664862123093775,54,"Chauncey Golston"
"734",43321,-3.61622733483488,-0.0384705035620732,94,"Emmanuel Ogbah"
"735",47944,-3.62583361389595,-0.0510680790689571,71,"Charles Omenihu"
"736",47792,-3.63216851773418,-0.0712189905438074,51,"Ed Oliver"
"737",48566,-3.65357561224671,-0.11785727781441,31,"Daniel Wise"
"738",43299,-3.66999188754143,-0.0244666125836095,150,"Eli Apple"
"739",54591,-3.70898832244128,-0.07727059005086,48,"Neil Farrell"
"740",47841,-3.71813759363068,-0.0630192812479776,59,"Trysten Hill"
"741",46135,-3.72070876498442,-0.0216320277033978,172,"Lorenzo Carter"
"742",38544,-3.74261679340301,-0.069307718396352,54,"Michael Brockers"
"743",44869,-3.76043988605215,-0.0596895220008277,63,"Zach Cunningham"
"744",42116,-3.7678571157536,-0.0247885336562737,152,"Adrian Phillips"
"745",44815,-3.81661752868026,-0.0428833430188793,89,"Solomon Thomas"
"746",47811,-3.82718821143335,-0.0539040593159627,71,"Jerry Tillery"
"747",46212,-3.84197905274931,-0.0201150735746037,191,"Ja'Whaun Bentley"
"748",53476,-3.9180932299401,-0.0210650173652694,186,"Asante Samuel"
"749",41595,-3.92120095458103,-0.0496354551212788,79,"Mike Pennel"
"750",44823,-3.92404090451782,-0.0344214114431388,114,"Marshon Lattimore"
"751",43356,-3.9242970663207,-0.0552717896664887,71,"Maliek Collins"
"752",42395,-3.96382371490499,-0.0671834527949999,59,"Jordan Phillips"
"753",42443,-3.98604218623598,-0.0355896623771069,112,"Angelo Blackson"
"754",52490,-4.00584788992534,-0.0494549122213005,81,"Neville Gallimore"
"755",37841,-4.02359464945787,-0.103169093575843,39,"Mario Addison"
"756",46387,-4.02741002350726,-0.0706563162018817,57,"Kendal Vickers"
"757",40347,-4.05668751890251,-0.0393853157175,103,"Mike Purcell"
"758",47846,-4.06497706357224,-0.0249385095924677,163,"Juan Thornhill"
"759",46205,-4.09313093196717,-0.0601931019406937,68,"Marquis Haynes"
"760",53712,-4.23375387716323,-0.092038127764418,46,"Michael Dwumfour"
"761",54560,-4.25186641827339,-0.0337449715735983,126,"Zach Carter"
"762",42543,-4.29817408605226,-0.0198072538527754,217,"Quandre Diggs"
"763",52743,-4.35142256295971,-0.0836812031338406,52,"Benito Jones"
"764",53461,-4.39258953037594,-0.0320626973020141,137,"Joe Tryon"
"765",46232,-4.40875497566138,-0.0722746717321538,61,"Tim Settle"
"766",54541,-4.42558655444888,-0.0606244733486149,73,"Travis Jones"
"767",52493,-4.43964909003218,-0.0516238266282811,86,"Julian Blackmon"
"768",35470,-4.45101543801541,-0.0367852515538463,121,"Jerry Hughes"
"769",54948,-4.46937392656832,-0.0629489285432158,71,"Marquan McCall"
"770",40030,-4.49493484000913,-0.091733364081819,49,"John Jenkins"
"771",46197,-4.65480489680479,-0.0470182312808565,99,"Kentavius Street"
"772",47786,-4.66459500800246,-0.0370205953016068,126,"Quinnen Williams"
"773",38559,-4.75400357065564,-0.0357443877492905,133,"Harrison Smith"
"774",45226,-4.78469433284241,-0.0537606104813754,89,"Josh Tupou"
"775",52444,-4.79224844114494,-0.0283564996517452,169,"Xavier McKinney"
"776",40017,-4.89512809516089,-0.0236479618123714,207,"Tyrann Mathieu"
"777",53554,-4.91682570488686,-0.0287533666952448,171,"Camryn Bynum"
"778",46142,-4.97647542017917,-0.0284370024010238,175,"Jerome Baker"
"779",46204,-4.99524766274281,-0.0442057315286974,113,"John Franklin-Myers"
"780",48544,-5.01745902402498,-0.0355848157732268,141,"Shy Tuttle"
"781",41341,-5.04121976869722,-0.0499130670168041,101,"DaQuan Jones"
"782",46082,-5.04529187759565,-0.0291635368647148,173,"Daron Payne"
"783",52706,-5.06300521579917,-0.0452054037124926,112,"Jonas Griffith"
"784",35449,-5.13437243061133,-0.0755054769207548,68,"Tyson Alualu"
"785",54653,-5.1406674020056,-0.0342711160133707,150,"Malcolm Rodriguez"
"786",43316,-5.15930008712811,-0.0301713455387609,171,"Kenny Clark"
"787",53472,-5.21629297674602,-0.0478558988692295,109,"Trevon Moehrig"
"788",55173,-5.21824594891709,-0.0869707658152848,60,"Timmy Horne"
"789",42826,-5.22222701639375,-0.0511983040822917,102,"DeShawn Williams"
"790",45008,-5.23869758909902,-0.0671627896038336,78,"Tanner Vallejo"
"791",44991,-5.26431925496935,-0.0311498180767417,169,"Davon Godchaux"
"792",53602,-5.26658702424201,-0.0560275215344895,94,"Tedarrell Slaton"
"793",53621,-5.30888869115773,-0.0680626755276632,78,"Quinton Bohanna"
"794",54573,-5.33496117011827,-0.0969992940021503,55,"Perrion Winfrey"
"795",46081,-5.38651551111038,-0.0448876292592532,120,"Vita Vea"
"796",35466,-5.43085521373664,-0.0258612153035078,210,"Devin McCourty"
"797",43358,-5.52385631354125,-0.0383601132884809,144,"Yannick Ngakoue"
"798",47975,-5.61898809048198,-0.0367254123560913,153,"Isaiah Buggs"
"799",54562,-5.62849828554269,-0.0472983049205268,119,"Kerby Joseph"
"800",41270,-5.63994226205943,-0.0268568679145687,210,"Lamarcus Joyner"
"801",53504,-5.71534109003271,-0.0468470581150222,122,"Osa Odighizuwa"
"802",42560,-5.75839589380253,-0.0442953530292502,130,"Rakeem Nunez-Roches"
"803",38868,-5.92371475385228,-0.037256067634291,159,"Tashaun Gipson"
"804",35454,-5.92867386372104,-0.0835024487848034,71,"Jason Pierre-Paul"
"805",42470,-6.03753408946518,-0.0548866735405925,110,"Damien Wilson"
"806",52473,-6.04293966628133,-0.0332029651993479,182,"Logan Wilson"
"807",47804,-6.25278265535426,-0.0282931341871233,221,"Darnell Savage"
"808",52852,-6.30195783039207,-0.0305920283028741,206,"Myles Hartsfield"
"809",48123,-6.42540076448162,-0.0706087996096881,91,"Kevin Givens"
"810",43426,-6.44926952270303,-0.0408181615360951,158,"Dean Lowry"
"811",46123,-6.66754534315102,-0.0317502159197667,210,"Jessie Bates"
"812",45009,-6.74899488422481,-0.0452952676793612,149,"Al-Quadin Muhammad"
"813",37087,-6.89478720567245,-0.0599546713536735,115,"Robert Quinn"
"814",37084,-6.90054681719269,-0.057504556809939,120,"J.J. Watt"
"815",41269,-6.98183885064135,-0.0545456160206356,128,"Kyle Van Noy"
"816",54492,-7.08949201891022,-0.0367331192689649,193,"Devin Lloyd"
"817",43409,-7.34651771779871,-0.0573946696703024,128,"David Onyemata"
"818",43325,-7.37786612878953,-0.0419196939135769,176,"Myles Jack"
"819",38607,-7.52086105761707,-0.0363326621140921,207,"Demario Davis"
"820",46487,-7.55369592762185,-0.0496953679448806,152,"Poona Ford"
"821",54467,-7.65466958858838,-0.0478416849286774,160,"Aidan Hutchinson"
"822",43296,-7.86773794270806,-0.0497958097639751,158,"DeForest Buckner"
"823",55045,-8.23408151054756,-0.0914897945616395,90,"Kurt Hinish"
"824",43411,-8.24965556390079,-0.0629744699534411,131,"Andrew Billings"
"825",46153,-8.46550594136821,-0.0587882357039459,144,"Justin Jones"
"826",53465,-8.48033646739579,-0.0458396565805178,185,"Jevon Holland"
"827",53561,-8.53632961801174,-0.108054805291288,79,"Tommy Togiai"
"828",47917,-9.0622774415972,-0.071922836838073,126,"Greg Gaines"
"829",42480,-9.06423012009127,-0.0588586371434498,154,"Grady Jarrett"
"830",47800,-9.30977737651051,-0.0637655984692501,146,"Dexter Lawrence"
"831",46214,-9.3825297776723,-0.0710797710429719,132,"Bilal Nichols"
"832",38588,-9.71555855027238,-0.046045301186125,211,"Lavonte David"
"833",53624,-9.71832760799056,-0.0837786862757807,116,"Roy Lopez"
"834",43441,-9.79063071501583,-0.0608113709007194,161,"Matt Ioannidis"
"835",46098,-10.0864370402599,-0.0951550664175458,106,"Taven Bryan"
"836",52496,-10.1116167673587,-0.070710606764746,143,"Jordan Elliott"
"837",53445,-10.5531197279968,-0.0558366123174434,189,"Zaven Collins"
"838",43326,-12.0033109120484,-0.0945142591499873,127,"Chris Jones"
"839",53501,-14.9616751311901,-0.0965269363302586,155,"Alim McNeill"
